{
	"credit": "Made with Blockbench",
	"elements": [
		{
			"from": [0, 7, 0],
			"to": [8, 8, 16],
			"rotation": {"angle": 0, "axis": "y", "origin": [0, 7, 0]},
			"color": 8,
			"faces": {
				"north": {"uv": [0, 0, 8, 1], "texture": "#missing"},
				"east": {"uv": [0, 0, 16, 1], "texture": "#missing"},
				"south": {"uv": [0, 0, 8, 1], "texture": "#missing"},
				"west": {"uv": [0, 0, 16, 1], "texture": "#missing"},
				"up": {"uv": [0, 0, 8, 16], "texture": "#missing"},
				"down": {"uv": [0, 0, 8, 16], "texture": "#missing"}
			}
		},
		{
			"from": [8, 15, 0],
			"to": [16, 16, 16],
			"rotation": {"angle": 0, "axis": "y", "origin": [8, 15, 0]},
			"color": 8,
			"faces": {
				"north": {"uv": [0, 0, 8, 1], "texture": "#missing"},
				"east": {"uv": [0, 0, 16, 1], "texture": "#missing"},
				"south": {"uv": [0, 0, 8, 1], "texture": "#missing"},
				"west": {"uv": [0, 0, 16, 1], "texture": "#missing"},
				"up": {"uv": [0, 0, 8, 16], "texture": "#missing"},
				"down": {"uv": [0, 0, 8, 16], "texture": "#missing"}
			}
		}
	]
}