{
	"credit": "Made with Blockbench",
	"texture_size": [128, 128],
	"textures": {
		"0": "block/skip",
		"particle": "block/skip"
	},
	"elements": [
		{
			"from": [-16, -6, 0],
			"to": [32, 17, 25],
			"rotation": {"angle": 0, "axis": "y", "origin": [-16, -6, 0]},
			"faces": {
				"north": {"uv": [9.25, 2.5, 15.25, 5.375], "texture": "#0"},
				"east": {"uv": [12, 11, 15.125, 13.875], "texture": "#0"},
				"south": {"uv": [6, 11, 12, 13.875], "texture": "#0"},
				"west": {"uv": [0, 12.125, 3.125, 15], "texture": "#0"},
				"up": {"uv": [13.375, 11, 7.375, 7.875], "texture": "#0"},
				"down": {"uv": [6, 9, 0, 12.125], "texture": "#0"}
			}
		},
		{
			"from": [-16, 28, 1],
			"to": [32, 30, 26],
			"rotation": {"angle": 22.5, "axis": "x", "origin": [-16, 28, 1]},
			"faces": {
				"north": {"uv": [6, 0, 12, 0.25], "texture": "#0"},
				"east": {"uv": [6, 2.5, 9.125, 2.75], "texture": "#0"},
				"south": {"uv": [6, 0.25, 12, 0.5], "texture": "#0"},
				"west": {"uv": [6, 2.75, 9.125, 3], "texture": "#0"},
				"up": {"uv": [6, 3.125, 0, 0], "texture": "#0"},
				"down": {"uv": [6, 3.125, 0, 6.25], "texture": "#0"}
			}
		},
		{
			"from": [-16, 17, 0],
			"to": [32, 19, 2],
			"rotation": {"angle": 0, "axis": "y", "origin": [-16, 17, 0]},
			"faces": {
				"north": {"uv": [6, 0.5, 12, 0.75], "texture": "#0"},
				"east": {"uv": [5, 6.5, 5.25, 6.75], "texture": "#0"},
				"south": {"uv": [6, 0.75, 12, 1], "texture": "#0"},
				"west": {"uv": [5, 6.75, 5.25, 7], "texture": "#0"},
				"up": {"uv": [12, 1.25, 6, 1], "texture": "#0"},
				"down": {"uv": [12, 1.25, 6, 1.5], "texture": "#0"}
			}
		},
		{
			"from": [-16, 17, 23],
			"to": [32, 19, 25],
			"rotation": {"angle": 0, "axis": "y", "origin": [-16, 17, 23]},
			"faces": {
				"north": {"uv": [6, 1.5, 12, 1.75], "texture": "#0"},
				"east": {"uv": [5, 7, 5.25, 7.25], "texture": "#0"},
				"south": {"uv": [6, 1.75, 12, 2], "texture": "#0"},
				"west": {"uv": [5, 7.25, 5.25, 7.5], "texture": "#0"},
				"up": {"uv": [12, 2.25, 6, 2], "texture": "#0"},
				"down": {"uv": [12, 2.25, 6, 2.5], "texture": "#0"}
			}
		},
		{
			"from": [-16, 17, 2],
			"to": [-14, 19, 23],
			"rotation": {"angle": 0, "axis": "y", "origin": [-16, 17, 2]},
			"faces": {
				"north": {"uv": [7.375, 7.25, 7.625, 7.5], "texture": "#0"},
				"east": {"uv": [6, 3, 8.625, 3.25], "texture": "#0"},
				"south": {"uv": [5, 7.5, 5.25, 7.75], "texture": "#0"},
				"west": {"uv": [6, 3.25, 8.625, 3.5], "texture": "#0"},
				"up": {"uv": [6.25, 6.125, 6, 3.5], "texture": "#0"},
				"down": {"uv": [6.25, 6.125, 6, 8.75], "texture": "#0"}
			}
		},
		{
			"from": [30, 17, 2],
			"to": [32, 19, 23],
			"rotation": {"angle": 0, "axis": "y", "origin": [30, 17, 2]},
			"faces": {
				"north": {"uv": [6.5, 7.5, 6.75, 7.75], "texture": "#0"},
				"east": {"uv": [0, 6.25, 2.625, 6.5], "texture": "#0"},
				"south": {"uv": [6.75, 7.5, 7, 7.75], "texture": "#0"},
				"west": {"uv": [2.625, 6.25, 5.25, 6.5], "texture": "#0"},
				"up": {"uv": [6.5, 6.125, 6.25, 3.5], "texture": "#0"},
				"down": {"uv": [5.5, 6.25, 5.25, 8.875], "texture": "#0"}
			}
		},
		{
			"from": [-13, 29, 4],
			"to": [-11, 30, 24],
			"rotation": {"angle": 22.5, "axis": "x", "origin": [-13, 29, 4]},
			"faces": {
				"north": {"uv": [7, 7.5, 7.25, 7.625], "texture": "#0"},
				"east": {"uv": [6.5, 6, 9, 6.125], "texture": "#0"},
				"south": {"uv": [7.25, 7.5, 7.5, 7.625], "texture": "#0"},
				"west": {"uv": [6.5, 6.125, 9, 6.25], "texture": "#0"},
				"up": {"uv": [5.75, 8.75, 5.5, 6.25], "texture": "#0"},
				"down": {"uv": [6, 6.25, 5.75, 8.75], "texture": "#0"}
			}
		},
		{
			"from": [-10, 29, 4],
			"to": [-8, 30, 24],
			"rotation": {"angle": 22.5, "axis": "x", "origin": [-10, 29, 4]},
			"faces": {
				"north": {"uv": [7.5, 7.5, 7.75, 7.625], "texture": "#0"},
				"east": {"uv": [6.5, 6.25, 9, 6.375], "texture": "#0"},
				"south": {"uv": [7.625, 5.75, 7.875, 5.875], "texture": "#0"},
				"west": {"uv": [6.5, 6.375, 9, 6.5], "texture": "#0"},
				"up": {"uv": [6.5, 8.625, 6.25, 6.125], "texture": "#0"},
				"down": {"uv": [0.25, 6.5, 0, 9], "texture": "#0"}
			}
		},
		{
			"from": [-7, 29, 4],
			"to": [-5, 30, 24],
			"rotation": {"angle": 22.5, "axis": "x", "origin": [-7, 29, 4]},
			"faces": {
				"north": {"uv": [7.625, 5.875, 7.875, 6], "texture": "#0"},
				"east": {"uv": [6.5, 6.5, 9, 6.625], "texture": "#0"},
				"south": {"uv": [7, 7.625, 7.25, 7.75], "texture": "#0"},
				"west": {"uv": [6.5, 6.625, 9, 6.75], "texture": "#0"},
				"up": {"uv": [0.5, 9, 0.25, 6.5], "texture": "#0"},
				"down": {"uv": [0.75, 6.5, 0.5, 9], "texture": "#0"}
			}
		},
		{
			"from": [-4, 29, 4],
			"to": [-2, 30, 24],
			"rotation": {"angle": 22.5, "axis": "x", "origin": [-4, 29, 4]},
			"faces": {
				"north": {"uv": [7.25, 7.625, 7.5, 7.75], "texture": "#0"},
				"east": {"uv": [6.75, 3.5, 9.25, 3.625], "texture": "#0"},
				"south": {"uv": [7.625, 7.25, 7.875, 7.375], "texture": "#0"},
				"west": {"uv": [6.75, 3.625, 9.25, 3.75], "texture": "#0"},
				"up": {"uv": [1, 9, 0.75, 6.5], "texture": "#0"},
				"down": {"uv": [1.25, 6.5, 1, 9], "texture": "#0"}
			}
		},
		{
			"from": [2, 29, 4],
			"to": [4, 30, 24],
			"rotation": {"angle": 22.5, "axis": "x", "origin": [2, 29, 4]},
			"faces": {
				"north": {"uv": [7.625, 7.375, 7.875, 7.5], "texture": "#0"},
				"east": {"uv": [6.75, 3.75, 9.25, 3.875], "texture": "#0"},
				"south": {"uv": [7.5, 7.625, 7.75, 7.75], "texture": "#0"},
				"west": {"uv": [6.75, 3.875, 9.25, 4], "texture": "#0"},
				"up": {"uv": [1.5, 9, 1.25, 6.5], "texture": "#0"},
				"down": {"uv": [1.75, 6.5, 1.5, 9], "texture": "#0"}
			}
		},
		{
			"from": [27, 29, 4],
			"to": [29, 30, 24],
			"rotation": {"angle": 22.5, "axis": "x", "origin": [27, 29, 4]},
			"faces": {
				"north": {"uv": [5, 7.75, 5.25, 7.875], "texture": "#0"},
				"east": {"uv": [6.75, 4, 9.25, 4.125], "texture": "#0"},
				"south": {"uv": [6.5, 7.75, 6.75, 7.875], "texture": "#0"},
				"west": {"uv": [6.75, 4.125, 9.25, 4.25], "texture": "#0"},
				"up": {"uv": [2, 9, 1.75, 6.5], "texture": "#0"},
				"down": {"uv": [2.25, 6.5, 2, 9], "texture": "#0"}
			}
		},
		{
			"from": [24, 29, 4],
			"to": [26, 30, 24],
			"rotation": {"angle": 22.5, "axis": "x", "origin": [24, 29, 4]},
			"faces": {
				"north": {"uv": [6.75, 7.75, 7, 7.875], "texture": "#0"},
				"east": {"uv": [6.75, 4.25, 9.25, 4.375], "texture": "#0"},
				"south": {"uv": [7, 7.75, 7.25, 7.875], "texture": "#0"},
				"west": {"uv": [6.75, 4.375, 9.25, 4.5], "texture": "#0"},
				"up": {"uv": [2.5, 9, 2.25, 6.5], "texture": "#0"},
				"down": {"uv": [2.75, 6.5, 2.5, 9], "texture": "#0"}
			}
		},
		{
			"from": [21, 29, 4],
			"to": [23, 30, 24],
			"rotation": {"angle": 22.5, "axis": "x", "origin": [21, 29, 4]},
			"faces": {
				"north": {"uv": [7.25, 7.75, 7.5, 7.875], "texture": "#0"},
				"east": {"uv": [6.75, 4.5, 9.25, 4.625], "texture": "#0"},
				"south": {"uv": [7.5, 7.75, 7.75, 7.875], "texture": "#0"},
				"west": {"uv": [6.75, 4.625, 9.25, 4.75], "texture": "#0"},
				"up": {"uv": [3, 9, 2.75, 6.5], "texture": "#0"},
				"down": {"uv": [3.25, 6.5, 3, 9], "texture": "#0"}
			}
		},
		{
			"from": [18, 29, 4],
			"to": [20, 30, 24],
			"rotation": {"angle": 22.5, "axis": "x", "origin": [18, 29, 4]},
			"faces": {
				"north": {"uv": [7.75, 7.5, 8, 7.625], "texture": "#0"},
				"east": {"uv": [6.75, 4.75, 9.25, 4.875], "texture": "#0"},
				"south": {"uv": [7.75, 7.625, 8, 7.75], "texture": "#0"},
				"west": {"uv": [6.75, 4.875, 9.25, 5], "texture": "#0"},
				"up": {"uv": [3.5, 9, 3.25, 6.5], "texture": "#0"},
				"down": {"uv": [3.75, 6.5, 3.5, 9], "texture": "#0"}
			}
		},
		{
			"from": [15, 29, 4],
			"to": [17, 30, 24],
			"rotation": {"angle": 22.5, "axis": "x", "origin": [15, 29, 4]},
			"faces": {
				"north": {"uv": [7.75, 7.75, 8, 7.875], "texture": "#0"},
				"east": {"uv": [6.75, 5, 9.25, 5.125], "texture": "#0"},
				"south": {"uv": [5, 7.875, 5.25, 8], "texture": "#0"},
				"west": {"uv": [6.75, 5.125, 9.25, 5.25], "texture": "#0"},
				"up": {"uv": [6.75, 6, 6.5, 3.5], "texture": "#0"},
				"down": {"uv": [4, 6.5, 3.75, 9], "texture": "#0"}
			}
		},
		{
			"from": [12, 29, 4],
			"to": [14, 30, 24],
			"rotation": {"angle": 22.5, "axis": "x", "origin": [12, 29, 4]},
			"faces": {
				"north": {"uv": [7.875, 5.75, 8.125, 5.875], "texture": "#0"},
				"east": {"uv": [6.75, 5.25, 9.25, 5.375], "texture": "#0"},
				"south": {"uv": [7.875, 5.875, 8.125, 6], "texture": "#0"},
				"west": {"uv": [6.75, 5.375, 9.25, 5.5], "texture": "#0"},
				"up": {"uv": [4.25, 9, 4, 6.5], "texture": "#0"},
				"down": {"uv": [4.5, 6.5, 4.25, 9], "texture": "#0"}
			}
		},
		{
			"from": [-1, 29, 4],
			"to": [1, 30, 24],
			"rotation": {"angle": 22.5, "axis": "x", "origin": [-1, 29, 4]},
			"faces": {
				"north": {"uv": [6.5, 7.875, 6.75, 8], "texture": "#0"},
				"east": {"uv": [6.75, 5.5, 9.25, 5.625], "texture": "#0"},
				"south": {"uv": [6.75, 7.875, 7, 8], "texture": "#0"},
				"west": {"uv": [6.75, 5.625, 9.25, 5.75], "texture": "#0"},
				"up": {"uv": [4.75, 9, 4.5, 6.5], "texture": "#0"},
				"down": {"uv": [5, 6.5, 4.75, 9], "texture": "#0"}
			}
		},
		{
			"from": [-8, 28, 1],
			"to": [-1, 30, 2],
			"rotation": {"angle": 0, "axis": "y", "origin": [-8, 28, 1]},
			"faces": {
				"north": {"uv": [6.75, 5.75, 7.625, 6], "texture": "#0"},
				"east": {"uv": [7, 7.875, 7.125, 8.125], "texture": "#0"},
				"south": {"uv": [6.5, 6.75, 7.375, 7], "texture": "#0"},
				"west": {"uv": [7.125, 7.875, 7.25, 8.125], "texture": "#0"},
				"up": {"uv": [8.25, 6.875, 7.375, 6.75], "texture": "#0"},
				"down": {"uv": [8.25, 6.875, 7.375, 7], "texture": "#0"}
			}
		},
		{
			"from": [17, 28, 1],
			"to": [24, 30, 2],
			"rotation": {"angle": 0, "axis": "y", "origin": [17, 28, 1]},
			"faces": {
				"north": {"uv": [6.5, 7, 7.375, 7.25], "texture": "#0"},
				"east": {"uv": [7.25, 7.875, 7.375, 8.125], "texture": "#0"},
				"south": {"uv": [6.5, 7.25, 7.375, 7.5], "texture": "#0"},
				"west": {"uv": [7.875, 7.25, 8, 7.5], "texture": "#0"},
				"up": {"uv": [8.25, 7.125, 7.375, 7], "texture": "#0"},
				"down": {"uv": [8.25, 7.125, 7.375, 7.25], "texture": "#0"}
			}
		}
	]
}