{
	"credit": "Made with Blockbench",
	"elements": [
		{
			"from": [8, 2, 6],
			"to": [10, 8, 8],
			"rotation": {"angle": 0, "axis": "y", "origin": [8, 2, 6]},
			"color": 0,
			"faces": {
				"north": {"uv": [0, 0, 2, 2], "texture": "#missing"},
				"east": {"uv": [0, 0, 2, 2], "texture": "#missing"},
				"south": {"uv": [0, 0, 2, 2], "texture": "#missing"},
				"west": {"uv": [0, 0, 2, 2], "texture": "#missing"},
				"up": {"uv": [0, 0, 2, 2], "texture": "#missing"},
				"down": {"uv": [0, 0, 2, 2], "texture": "#missing"}
			}
		}
	]
}